中文單位名稱,電話,緯度Lat,經度Lng
墾丁派出所,08 8861039,21.944623,120.799818
龍水派出所,08 8894172,21.980735,120.729751
恆春分局,08 8892075,22.002994,120.745257
建民派出所,08 8892587,22.002994,120.745257
滿州分駐所,08 8801161,22.020834,120.839179
建蘭派出所,089 732650,22.025623,121.552475
仁壽派出所,08 8893247,22.027,120.737619
蘭嶼分駐所,089 732011,22.049633,121.512403
東清派出所,089 732975,22.057276,121.565019
車城分駐所,08 8821152,22.072873,120.714237
長樂派出所,08 8811141,22.075711,120.828287
朗島派出所,089 732131,22.07886,121.529565
牡丹分駐所,08 8831110,22.125645,120.773689
九棚派出所,08 8810200,22.133674,120.881714
楓港派出所,08 8771214,22.190478,120.691074
旭海派出所,08 8830200,22.194886,120.887413
獅子分駐所,08 8771391,22.202048,120.705089
草埔派出所,08 8701484,22.231202,120.800917
枋山分駐所,08 8761129,22.263023,120.652318
森永派出所,089 702297,22.278057,120.864536
達仁分駐所,089 702247,22.294958,120.884234
南田派出所,089 702247,22.294958,120.884234
內獅派出所,08 8720004,22.304477,120.645106
加祿派出所,08 8720002,22.332002,120.618672
尚武派出所,089 791105,22.340686,120.893047
琉球分駐所,08 8612231,22.349294,120.382581
大武分局,089 791001,22.358203,120.905536
大武派出所,089 791125,22.358203,120.905536
枋寮分局,08 8782004,22.366741,120.593476
枋寮派出所,08 8782949,22.366741,120.593476
春日分駐所,08 8785180,22.37072,120.627518
新化派出所,089 791749,22.379861,120.858462
建興派出所,08 8712962,22.387172,120.595295
東海派出所,08 8712920,22.400748,120.574098
佳冬分駐所,08 8662089,22.414726,120.549581
歸崇派出所,08 8791104,22.428391,120.630805
林邊分駐所,08 8752018,22.432951,120.516646
南和派出所,08 8791415,22.434669,120.638375
石光派出所,08 8662034,22.438015,120.563245
大鵬灣派出所,08-8338262,22.442456,120.492208
土坂派出所,089 761027,22.454504,120.885768
多良派出所,089 761368,22.462814,120.942359
東港分局,08 8322045,22.463148,120.461809
東港派出所,08 8338183,22.463148,120.461809
東濱派出所,08 8322603,22.466657,120.447683
台坂派出所,089 761047,22.467711,120.914815
新埤分駐所,08 7971045,22.468764,120.551276
餉潭派出所,08 7981819,22.476175,120.611288
中芸派出所,07 6412792,22.485851,120.400435
興龍派出所,08 8322433,22.490204,120.459239
南州分駐所,08 8642047,22.490246,120.509346
港埔派出所,07 6413695,22.504623,120.37697
林園分局,07 6412004,22.509085,120.39427
林園派出所,07 6412013,22.509085,120.39427
崁頂分駐所,08 8631404,22.5134,120.511225
來義分駐所,08 7850206,22.525869,120.631738
大林派出所,07 8712237,22.527031,120.346076
金崙派出所,089 771086,22.533348,120.963279
新園分駐所,08 8681004,22.543436,120.461384
昭明派出所,07 6411903,22.544937,120.406059
四林派出所,08 7882767,22.545496,120.567227
中山路派出所,08 7882347,22.549701,120.538399
潮州分局,08 7882020,22.550073,120.545293
光華派出所,08 7884265,22.550073,120.545293
新鐘派出所,08 7772254,22.56182,120.485833
小港派出所,07 8215913,22.563006,120.336131
小港分局,07 8019207,22.565908,120.34503
漢民路派出所,07 8064590,22.56965,120.359479
高松派出所,07 8010795,22.572418,120.372486
佳佐派出所,08 7831114,22.572902,120.596866
萬巒分駐所,08 7811320,22.573566,120.569095
泗洲派出所,08 7892582,22.573739,120.524344
中洲派出所,07 5712328,22.574786,120.297695
桂陽派出所,07 7912688,22.58221,120.351321
竹田分駐所,08 7710734,22.584534,120.543853
草衙派出所,07 8213705,22.586317,120.319193
萬丹分駐所,08 7772004,22.587545,120.490038
忠孝派出所,08 7920001,22.588152,120.664765
赤山派出所,08 7833451,22.588653,120.611554
南成派出所,07 7928393,22.589294,120.337728
前鎮街派出所,07 8310309,22.591482,120.308284
泰武分駐所,08 7833038,22.591657,120.628904
過埤派出所,07 7923028,22.592538,120.359961
金峰分駐所,089 751204,22.594472,120.962642
五甲派出所,07 7615839,22.597542,120.334888
瑞隆路派出所,07 8221183,22.5998,120.32587
大寮分駐所,07 7816335,22.602274,120.397045
正興派出所,089 781364,22.6047,120.997109
前鎮分局,07 7242372,22.608151,120.31831
一心路派出所,07 7264661,22.608153,120.318312
復興路派出所,07 3342434,22.610039,120.310195
太麻里分駐所,089 781134,22.610347,121.004903
內埔分局,08 7796801,22.612684,120.569712
內埔派出所,08 7792018,22.612684,120.569712
社皮派出所,08 7073044,22.613977,120.467979
旗津分駐所,07 5715492,22.614067,120.269078
成功路派出所,07 3334793,22.614835,120.297675
新甲派出所,07 7636944,22.615847,120.348224
苓雅分局,07 3353760,22.618407,120.303567
忠義派出所,07 7817429,22.619386,120.382459
民權路派出所,07 3333631,22.620082,120.313748
成功派出所,07 7462453,22.620205,120.364823
西勢派出所,08 7792844,22.62069,120.525511
新濱派出所,07 5514863,22.62233,120.275261
三多路派出所,07 7615655,22.622502,120.330186
五福四路派出所,07 5512968,22.622612,120.285209
自強路派出所,07 2910188,22.623893,120.295682
五福二路派出所,07 2316481,22.623955,120.302962
鳳崗派出所,07 7412244,22.626975,120.357178
七賢路派出所,07 5513534,22.627362,120.282992
鳳山分局,07 7456110,22.627605,120.362853
高雄市政府警察局,07 2155555,22.627964,120.29063
新北勢派出所,08 7792804,22.628662,120.542885
埤頂派出所,07 7013272,22.628691,120.380603
前金分駐所,07 2212901,22.629183,120.294575
凱旋路派出所,07 2236222,22.629483,120.321639
忠孝派出所,07 7402658,22.629703,120.341859
中正三路派出所,07 2270189,22.630486,120.311483
新興分局,07 2212057,22.630659,120.302208
中山路派出所,07 2211209,22.630659,120.302208
鹽埕分局,07 5513424,22.631168,120.283165
建國四路派出所,07 5512832,22.631168,120.283165
福德二路派出所,07 7233343,22.632404,120.327933
鼓山派出所,07 5512673,22.634662,120.282396
中庄派出所,07 7016714,22.634824,120.395617
公館派出所,08 7527484,22.635408,120.482461
三民派出所,07 2211460,22.637002,120.292665
長明派出所,07 2355098,22.638403,120.303774
三民第二分局,07 3814093,22.640787,120.33373
覺民派出所,07 3842108,22.640787,120.33373
文山派出所,07 7324340,22.641228,120.363597
陽明派出所,07 3922032,22.643563,120.337743
哈爾濱街派出所,07 3110785,22.644353,120.29984
十全路派出所,07 3115807,22.645076,120.311471
民族派出所,07 3822653,22.647853,120.315171
大華派出所,07 3701994,22.650096,120.347701
仁美派出所,07 7314057,22.650209,120.394195
三民第一分局,07 3118675,22.651794,120.304803
麟洛分駐所,08 7221528,22.651977,120.524904
大同派出所,08 7555413,22.652718,120.465304
佳義派出所,08 7990163,22.654648,120.632041
九曲派出所,07 6512027,22.65815,120.41801
鼎山派出所,07 3907880,22.659226,120.321711
內惟派出所,07 5826970,22.659499,120.279238
鳥松分駐所,07 7326240,22.659557,120.36445
建國派出所,08 7522978,22.659685,120.495809
龍華派出所,07 5551802,22.66051,120.292886
歸來派出所,08 7224416,22.662032,120.509895
鼎金派出所,07 3426730,22.666752,120.321872
民和派出所,08 7223077,22.667637,120.498033
綠島分駐所,089 672521,22.668104,121.469104
新莊派出所,07 5562630,22.668137,120.311743
龍泉派出所,08 7701744,22.669061,120.600266
鼓山分局,07 5514005,22.669108,120.284827
民族派出所,08 7322072,22.670801,120.483711
啟文派出所,07 5882999,22.671541,120.286231
屏東縣警察局,08 7322598,22.673947,120.489123
屏東分局,08 7322075,22.674426,120.487611
公館派出所,089 672564,22.674743,121.492498
左營分局,07 3461122,22.675546,120.306149
文自派出所,07 3501311,22.675546,120.306149
民生派出所,08 7322646,22.675929,120.488438
長治分駐所,08 7366741,22.676898,120.527888
澄觀派出所,07 3718188,22.677834,120.330511
崇蘭派出所,08-7656206,22.680994,120.482089
舊城派出所,07 5853036,22.682932,120.288374
美和派出所,089 512542,22.684228,121.043125
博愛四路派出所,07 3487976,22.688576,120.317338
大樹分駐所,07 6512439,22.690526,120.433383
左營派出所,07 5813019,22.690595,120.295542
四海派出所,07 5811544,22.693983,120.287039
德協派出所,08 7621604,22.695112,120.548847
海豐派出所,08 7367704,22.698258,120.508515
仁武派出所,07 3711432,22.701829,120.348801
仁武分局,07 3719421,22.701895,120.349036
知本派出所,089 512614,22.705822,121.057462
繁華派出所,08 7621384,22.707105,120.575926
溫泉派出所,089 512379,22.70833,121.041746
瑪家分駐所,08 7991749,22.709241,120.647407
右昌派出所,07 3612977,22.71234,120.289588
後勁派出所,07 3612554,22.715507,120.309279
楠梓分局,07 3653190,22.717938,120.299868
加昌派出所,07 3655961,22.717938,120.299868
振興派出所,08 7020234,22.723623,120.61361
翠屏派出所,07 3649783,22.726622,120.309459
大社分駐所,07 3511369,22.729152,120.354083
溪埔派出所,07 6561044,22.729341,120.445048
楠梓派出所,07 3511145,22.73143,120.328678
九如分駐所,08 7392424,22.73341,120.488876
三地門分駐所,08 7991154,22.733763,120.671564
豐里派出所,089 327815,22.736339,121.121324
赤崁派出所,07 6101404,22.738198,120.247155
新圍派出所,08 7932244,22.74111,120.556998
甲圍派出所,07 6110384,22.741173,120.296814
霧台分駐所,08 7902238,22.749194,120.727429
臺東分局,089 322306,22.749323,121.144313
鳳雄派出所,07 6153054,22.753807,120.355744
中興派出所,089 322127,22.754414,121.146189
寶桑派出所,089 322126,22.755526,121.158512
臺東縣警察局,089 324534,22.755835,121.15081
橋頭分駐所,07 6113555,22.757846,120.310529
鹽埔分駐所,08 7932224,22.757869,120.576783
永樂派出所,089 227818,22.758213,121.123504
梓官分駐所,07 6171403,22.760543,120.266803
東興派出所,089 381714,22.763227,121.050286
馬蘭派出所,089 226492,22.76661,121.13817
口社派出所,08 7957078,22.769906,120.647056
德文派出所,08 7996067,22.770417,120.702409
深水派出所,07 6152054,22.772478,120.389987
嶺口派出所,07 6651021,22.773647,120.449622
利嘉派出所,089 382819,22.774757,121.065186
里港分局,08 7752040,22.779581,120.495474
大平派出所,08 7752034,22.779581,120.495474
彌陀分駐所,07 6176405,22.781302,120.249795
新南派出所,08 7962584,22.784917,120.561177
南王派出所,089 223817,22.786025,121.115264
泰山派出所,08 7956334,22.787086,120.615621
燕巢分駐所,07 6161402,22.79304,120.362118
前峰派出所,07 6265134,22.793686,120.287841
富岡派出所,089 281040,22.794586,121.193683
岡山分局,07 6212025,22.796599,120.295292
舊港派出所,07 6196994,22.799319,120.231212
壽天派出所,07 6216400,22.801965,120.302021
卑南分駐所,089 223820,22.806667,121.09294
青山派出所,08 7960690,22.816743,120.640589
三和派出所,08 7731145,22.817642,120.507429
永安分駐所,07 6912044,22.818798,120.225586
嘉興派出所,07 6216401,22.821752,120.303374
高樹分駐所,08 7962021,22.8266,120.600706
蛙潭派出所,07 6361192,22.830624,120.406617
大洲派出所,07 6661305,22.847667,120.466086
吉東派出所,07 6831744,22.854671,120.53402
舊寮派出所,08 7916063,22.855262,120.61717
路竹分駐所,07 6962615,22.855324,120.259297
廣福派出所,07 6613260,22.857277,120.50444
初鹿派出所,089 571126,22.860963,121.092083
竹滬派出所,07 6981824,22.861659,120.229126
一甲派出所,07 6962954,22.869708,120.267768
田寮分駐所,07 6361878,22.870581,120.359467
都蘭派出所,089 531209,22.875857,121.228946
崇德派出所,07 6366774,22.877539,120.380399
阿蓮分駐所,07 6312029,22.87907,120.328934
龍肚派出所,07 6851797,22.881507,120.572417
旗尾派出所,07 6614306,22.88202,120.492976
中壇派出所,07 6812789,22.886126,120.533947
茂林分駐所,07 6801200,22.886638,120.664189
湖內分局,07 6932155,22.886909,120.244692
湖街派出所,07 6934784,22.887028,120.244412
旗山分局,07 6612001,22.887947,120.483018
建國派出所,07 6612045,22.887947,120.483018
古亭派出所,07 6367058,22.893164,120.402129
紅葉派出所,089 561146,22.893232,121.063033
美濃分駐所,07 6812029,22.89451,120.541942
茄萣分駐所,07 6902272,22.897361,120.183281
鸞山派出所,089 568079,22.899263,121.151931
延平分駐所,089 561245,22.902516,121.08451
新威派出所,07 6871176,22.902666,120.628719
南雄派出所,06 5551907,22.905804,120.356974
湖內派出所,07 6993229,22.908178,120.210914
依仁派出所,06 2661245,22.90829,120.252672
萬山派出所,07 6801203,22.909592,120.680511
多納派出所,07 6801208,22.91015,120.715876
大潭派出所,06 2781450,22.910219,120.271519
鹿野分駐所,089 551114,22.912409,121.135758
砂崙派出所,07 6900055,22.913511,120.184527
廣興派出所,07 6812794,22.913799,120.564567
中埔派出所,07 6673308,22.919824,120.45088
圓潭派出所,07 6691307,22.932717,120.503224
灣裡派出所,06 2622819,22.932818,120.181168
喜樹派出所,06 2622407,22.941026,120.179303
內門分駐所,07 6671309,22.941352,120.462437
文賢派出所,06 2661788,22.943308,120.220938
歸南派出所,06 2307887,22.946972,120.278048
歸仁分局,06 2304964,22.946974,120.278066
龍船派出所,06 5941099,22.948344,120.392177
德南派出所,06 2791341,22.950509,120.251371
瑞源派出所,089 581134,22.957061,121.1586
關廟分駐所,06 5952013,22.960838,120.325949
第六分局,06 2640556,22.961365,120.187897
鹽埕派出所,06 2651592,22.961365,120.187897
鯤鯓派出所,06 2627306,22.961969,120.169119
龍崎分駐所,06 5941010,22.96547,120.359221
第一分局,06 2684867,22.966547,120.23221
德高派出所,06 2693405,22.966547,120.23221
歸仁派出所,06 2304028,22.969986,120.299843
東河分駐所,089 896010,22.970089,121.304096
武陵派出所,089 551164,22.970307,121.117757
仁德分駐所,06 2702664,22.971994,120.250814
大林派出所,06 2150209,22.973583,120.214216
新興派出所,06 2611428,22.974093,120.183697
杉林分駐所,07 6771154,22.974582,120.541452
文化派出所,06 2907243,22.976021,120.221145
金華派出所,06 2640007,22.981374,120.191609
溝坪派出所,07 6601670,22.981983,120.499921
東門派出所,06 2690098,22.982115,120.221626
後甲派出所,06-2676364,22.984786,120.235519
第二分局,06 2139070,22.98535,120.200507
南門派出所,06 2148283,22.98535,120.200507
府東派出所,06 3316119,22.985735,120.243074
瑞豐派出所,089 811419,22.987567,121.140797
華平派出所,06 2951720,22.990554,120.181929
太廟派出所,06 2726472,22.990981,120.259994
東寧派出所,06 2375433,22.991745,120.224143
育平派出所,06 2982674,22.992338,120.167153
博愛派出所,06 2287553,22.992567,120.211535
中正派出所,06 2410135,22.993373,120.194002
媽廟派出所,06 2309731,22.993628,120.293999
第四分局,06 2954116,22.994317,120.168672
民權派出所,06 2223002,22.995588,120.201685
保東派出所,06 5955799,22.996032,120.308482
海安派出所,06 2290153,22.9965,120.192271
莊敬派出所,06 2385398,22.996924,120.231683
義寶派出所,07 6891049,22.99764,120.633834
六龜分局,07 6891119,22.997761,120.633862
泰源派出所,089 891014,22.997829,121.285553
北門派出所,06 2224230,22.997835,120.21167
長樂派出所,06 2222422,22.998098,120.193946
安平派出所,06 2252598,22.998937,120.167661
復興派出所,06 3115874,23.000671,120.235286
立人派出所,06 2224227,23.001688,120.202602
大灣派出所,06 2712274,23.005541,120.269091
開元派出所,06 2345461,23.006826,120.21946
電光派出所,089 951041,23.007274,121.173869
第五分局,06 2598595,23.009995,120.194059
和緯派出所,06 2597695,23.009995,120.194059
實踐派出所,06 2827973,23.011647,120.216708
永信派出所,06 2014059,23.01562,120.248521
公園派出所,06 2520392,23.016212,120.201228
茄興派出所,07 6779274,23.021408,120.54436
知義派出所,06 5902949,23.021524,120.314563
永康分局,06 2333324,23.023846,120.236165
大橋派出所,06 2044835,23.023846,120.236165
都歷派出所,089 841290,23.025345,121.330252
永康派出所,06 2326081,23.025824,120.257365
海南派出所,06 2588946,23.026808,120.184017
安順派出所,06 2562405,23.031514,120.210452
龍潭派出所,06 2327954,23.033809,120.263903
寶山派出所,07 6892464,23.036515,120.70901
唪口派出所,06 5982924,23.038064,120.297939
顯宮派出所,06 2841320,23.040047,120.129857
鹽行派出所,06 2531444,23.041755,120.239556
南化分駐所,06 5771179,23.042187,120.477236
安中派出所,06 2467808,23.043348,120.195489
新化分局,06-5902003,23.044037,120.315568
新化派出所,06 5901022,23.044037,120.315568
崁頂派出所,089 811418,23.045739,121.146388
關山分局,089 811001,23.048057,121.160646
關山派出所,089 811284,23.048057,121.160646
第三分局,06 2567666,23.049765,120.174898
安南派出所,06 2567910,23.049765,120.174898
左鎮分駐所,06 5731017,23.055403,120.40501
岡林派出所,06 5731017,23.055403,120.40501
土城派出所,06 2577403,23.06241,120.129082
和順派出所,06 3554134,23.06254,120.218519
安佃派出所,06 2872960,23.064433,120.173751
長安派出所,06 2569531,23.066616,120.197145
森濤派出所,07 6892474,23.067545,120.755012
那拔派出所,06 5911051,23.068332,120.351069
荖濃派出所,07 6881014,23.07119,120.672509
玉山派出所,06 5772058,23.074978,120.519756
北寮派出所,06 5772057,23.074978,120.519756
潭頂派出所,06 5991934,23.077015,120.321815
新市分駐所,06 5993019,23.079644,120.295731
甲仙分駐所,07 6751204,23.083169,120.589559
港口派出所,06 5932235,23.087856,120.228687
錦安派出所,089 862344,23.094333,121.21923
海寮派出所,06 5931251,23.096848,120.209702
山上分駐所,06 5781019,23.098917,120.358175
成功分局,089 851001,23.099345,121.374991
新豐派出所,089 851054,23.099345,121.374991
海端分駐所,089 931354,23.100375,121.176621
竹橋派出所,06 7891002,23.101452,120.159742
三股派出所,06 7881404,23.101942,120.119939
寶來派出所,07 6881170,23.107535,120.698708
建山派出所,07 6881170,23.107553,120.683524
里關派出所,07 6752006,23.111591,120.606413
玉井分局,06 5742007,23.119423,120.458801
玉井派出所,06 5742479,23.119423,120.458801
望明派出所,06 5742445,23.119423,120.458801
大內分駐所,06 5761039,23.120888,120.358078
二溪派出所,06 5761039,23.120888,120.358078
安定分駐所,06 5922277,23.121177,120.236126
頭社派出所,06 5761564,23.122612,120.391758
西港分駐所,06 7952045,23.122705,120.202937
塭內派出所,06 7891415,23.124052,120.164571
池上分駐所,089 862004,23.124717,121.21855
初來派出所,089 931004,23.125647,121.162255
蘇厝派出所,06 5921514,23.127795,120.254992
善化分局,06 5817434,23.129815,120.268456
高中派出所,07 6881385,23.130395,120.718873
善化派出所,06 5817007,23.131734,120.292944
七股分駐所,06 7872154,23.135961,120.134633
茄拔派出所,06 5837379,23.136913,120.322234
東昌派出所,06 5837379,23.136913,120.322234
永豐派出所,03 8832669,23.152959,121.2658
中鹽派出所,06 7800213,23.153225,120.106912
溪美派出所,06 5817981,23.154145,120.286915
龍泉派出所,089 861344,23.154771,121.191655
忠孝派出所,089 871444,23.158477,121.40045
桃源分駐所,07 6861176,23.158517,120.763771
安業派出所,06 5722804,23.159348,120.246294
佳里分局,06 7222012,23.165232,120.176592
佳里派出所,06 7224145,23.165232,120.176592
拔林派出所,06 6901362,23.171871,120.323717
富里分駐所,03 8831078,23.172643,121.247581
延平派出所,06 7223094,23.173138,120.14934
霧鹿派出所,089 935024,23.173337,121.041503
楠西分駐所,06 5751252,23.174646,120.485979
鹿田派出所,06 5751183,23.174646,120.485979
子龍派出所,06 7262290,23.174777,120.207958
後營派出所,06 7952644,23.174782,120.207934
麻豆分局,06 5722031,23.182753,120.247643
麻豆派出所,06 5722104,23.182753,120.247643
總爺派出所,06 5724310,23.183998,120.267057
利稻派出所,089 938064,23.186732,121.024437
官鎮派出所,06 6901160,23.187894,120.339479
後港派出所,06 7941924,23.188066,120.132738
青鯤鯓派出所,06 7920204,23.189664,120.088261
佳興派出所,06 7261404,23.190191,120.188199
埤頭派出所,06 5701654,23.191551,120.227678
官田分駐所,06 5791800,23.192743,120.313515
將軍分駐所,06 7942182,23.199101,120.158804
七美分駐所,06 9971001,23.207092,119.423229
湖山派出所,06 6982533,23.213822,120.363799
將富派出所,06 7942664,23.215708,120.136325
茅港派出所,06 6892454,23.216743,120.281799
崙天派出所,03 8846067,23.218595,121.264822
苓和派出所,06 7942855,23.218971,120.164205
大丘派出所,06 6981835,23.219362,120.436862
竹田派出所,03 8821044,23.220429,121.282367
學甲分局,06 7832710,23.230197,120.182944
學甲派出所,06 7833208,23.230214,120.18291
六甲分駐所,06 6982139,23.231955,120.347006
下營分駐所,06 6892032,23.23589,120.265916
那瑪夏分駐所,07 6701168,23.237401,120.696636
拉芙蘭派出所,07 6866087,23.240135,120.812868
復興派出所,07 6866087,23.240135,120.812868
鳳林派出所,06 6982390,23.241929,120.320061
竹湖派出所,089 801257,23.243889,121.416181
寧埔派出所,089 801257,23.243889,121.416181
中浯派出所,06 7833907,23.244734,120.156388
文山派出所,06 7862324,23.246404,120.131045
向陽派出所,988095763,23.248135,120.985981
雙吉派出所,06 9991119,23.256044,119.669019
嶼坪派出所,06 9991527,23.256958,119.512844
果毅派出所,06 6231514,23.257079,120.368495
宅港派出所,06 7833904,23.258212,120.203323
梅山派出所,07 6866170,23.264303,120.826021
東原派出所,06 6861051,23.265165,120.445926
北門分駐所,06 7862041,23.265789,120.124543
達卡努瓦派出所,07 6701118,23.267729,120.719542
東里派出所,03 8861114,23.268372,121.305151
竹埔派出所,06 6551960,23.272575,120.247624
柳營分駐所,06 6223424,23.276454,120.31234
頂洲派出所,06 7810040,23.287273,120.20181
蚵寮派出所,06 7860121,23.289313,120.136782
重溪派出所,06 6231664,23.290155,120.367131
華雅派出所,06 6552307,23.292555,120.241911
太宮派出所,06 6524753,23.293621,120.277452
東河派出所,06 6231630,23.29466,120.385614
卓樂派出所,03 8888150,23.295417,121.270041
大埔分駐所,05 2521034,23.299228,120.594573
新營分局,06 6323297,23.30462,120.317713
中山路派出所,06 6322306,23.304691,120.317835
臺南市政府警察局,06 6322210,23.305412,120.316069
過路派出所,05 3436575,23.305493,120.206708
民治派出所,06 6322164,23.310421,120.31318
長濱分駐所,089 831034,23.316674,121.454218
樂合派出所,03 8883384,23.318815,121.342011
鹽水分駐所,06 6521032,23.320894,120.265583
東山分駐所,06 6800024,23.323704,120.404761
新塭派出所,05 3431154,23.328031,120.159464
後鎮派出所,06 6328752,23.330582,120.312737
安溪派出所,06 6361302,23.332175,120.357838
義竹分駐所,05 3412009,23.335687,120.239364
玉里分局,03 8888568,23.33674,121.313701
玉里派出所,03 8882245,23.33674,121.313701
新美派出所,05 2513079,23.337249,120.683838
新店派出所,05 3426104,23.337252,120.197714
關嶺派出所,06 6822629,23.339621,120.504713
河東派出所,06 6854044,23.345373,120.473273
仙草派出所,06 6854044,23.345373,120.473273
卓溪分駐所,03 8886024,23.346307,121.3037
白河分局,06 6852006,23.350826,120.416629
白河派出所,06 6852018,23.350826,120.416629
望安分局,06 9991057,23.356394,119.500326
東垵派出所,06 9991343,23.356394,119.500326
東興派出所,05 2532050,23.360074,120.544783
將軍派出所,06 9902112,23.36391,119.519444
後壁分駐所,06 6872744,23.365581,120.362038
長安派出所,06 6622664,23.367049,120.330531
景山派出所,05 3472607,23.373771,120.187578
下潭派出所,05 3651303,23.375848,120.287114
竹門派出所,06 6854324,23.376243,120.444879
光榮派出所,05 3411223,23.377419,120.247156
布袋派出所,05 3472047,23.378531,120.166522
布袋分局,05 3472574,23.378588,120.166636
菁寮派出所,06 6621401,23.378805,120.335075
玉豐派出所,06 6854887,23.378817,120.416577
大禹派出所,03 8886025,23.38051,121.328538
山美派出所,05 2586154,23.383673,120.668264
中平派出所,03 8887357,23.39449,121.313118
觀音派出所,03 8851040,23.395628,121.3583
內角派出所,06 6816374,23.397509,120.439094
花嶼派出所,06 9991742,23.400175,119.321529
後堀派出所,05 3752444,23.404917,120.342413
同仁派出所,05 2531201,23.405474,120.512688
里佳派出所,05 2511124,23.405516,120.72082
松梅派出所,05 3691572,23.409839,120.255581
鹿草分駐所,05 3752302,23.411957,120.308286
樟原派出所,089 881027,23.412996,121.482621
三間派出所,089 881027,23.412996,121.482621
南靖派出所,05 2682364,23.414627,120.386357
過溝派出所,05 3451064,23.41562,120.177758
公田派出所,05 2586114,23.418301,120.651996
中莊派出所,05 2890654,23.421197,120.437951
中埔分局,05 2531013,23.424704,120.523798
中埔派出所,05 2531203,23.424704,120.523798
三民派出所,03 8841496,23.428394,121.347249
立山派出所,03 8841501,23.429491,121.312642
龍崗派出所,05 3451740,23.432172,120.190891
水上分局,05 2682025,23.432329,120.399186
成功派出所,05 2392064,23.43256,120.475126
水上派出所,05 2682264,23.432597,120.397353
竹村派出所,05 3693219,23.433161,120.246966
柳林派出所,05 2682515,23.438209,120.417651
觸口派出所,05 2591358,23.439682,120.601165
義仁派出所,05 2531202,23.440792,120.533114
頂六派出所,05 2393984,23.448281,120.491176
中港海口派出所,037 460684,23.449113,140.192128
三和派出所,05 2309091,23.449249,120.459086
達邦分駐所,05 2511006,23.454117,120.748968
太保分駐所,05 3711555,23.454229,120.331873
春日派出所,03 8871134,23.455011,121.396321
東石分駐所,05 3732240,23.455474,120.150178
舞鶴派出所,03 8872874,23.457714,121.352112
嘉義縣警察局,05 3620237,23.4586,120.294898
下楫派出所,05 3601849,23.458973,120.151918
大鄉派出所,05 3792091,23.45954,120.262422
八掌派出所,05 2867110,23.461823,120.437719
第二分局,05 2254393,23.46389,120.45575
興安派出所,05 2224593,23.46389,120.45575
復金派出所,05 2611254,23.464166,120.68921
番路分駐所,05 2591212,23.464366,120.55474
朴子分局,05 3793584,23.464915,120.246368
朴子派出所,05 3792014,23.464915,120.246368
港口派出所,03 8781046,23.46956,121.497842
新南派出所,05 2222731,23.47189,120.45433
三江派出所,05 3732501,23.472853,120.172955
竹園派出所,05 2356144,23.47293,120.43229
樂野分駐所,05 2561325,23.473109,120.698359
南門派出所,05 2222725,23.47672,120.45542
長榮派出所,05 2222206,23.47917,120.4431
第一分局,05 2348006,23.47947,120.43165
北鎮派出所,05 2322732,23.47947,120.43165
嘉義市政府警察局,05 2220671,23.48141,120.45458
長竹派出所,05 2770641,23.48261,120.48069
公園派出所,05 2783141,23.48282,120.46308
北門派出所,05 2782727,23.48282,120.45207
雙溪派出所,05 3794553,23.483184,120.278476
內埔派出所,05 2541040,23.484985,120.55936
北興派出所,05 2321294,23.48505,120.44225
港墘派出所,05 3793564,23.485743,120.180677
虎井派出所,06 9291112,23.486734,119.517666
新埤派出所,05 3612280,23.490874,120.332851
十字派出所,05 2511223,23.491283,120.753738
六腳分駐所,05 3802008,23.492926,120.29165
奇美派出所,03 8991071,23.494607,121.447088
紅葉派出所,03 8871372,23.495584,121.344626
南新派出所,05 2373022,23.496622,120.383199
瑞穗分駐所,03 8872057,23.497143,121.377757
鹿滿派出所,05 2611255,23.49786,120.532267
後湖派出所,05 2762726,23.49853,120.4505
中和派出所,05 2561054,23.502103,120.696834
六家派出所,05 3780843,23.505952,120.254126
仁和派出所,05 2110056,23.512073,120.49102
蔦松派出所,05 7841891,23.51277,120.227934
阿里山派出所,05 2679975,23.513219,120.811736
安和派出所,05 3772104,23.514054,120.314862
龍山派出所,05 2611256,23.518114,120.57609
月眉派出所,05 3772524,23.522592,120.351863
竹崎分局,05 2611089,23.523036,120.550836
竹崎派出所,05 2611336,23.523036,120.550836
鎖港派出所,06 9951024,23.523232,119.601231
民興派出所,05 2213735,23.525857,120.420655
永竹派出所,05 3780845,23.527865,120.265267
來吉派出所,05 2661185,23.529491,120.740061
六美派出所,05 3802244,23.530587,120.288891
仁壽派出所,05 2501454,23.531622,120.643576
太和派出所,05 2661055,23.533563,120.72131
北斗派出所,05 2213731,23.534054,120.457062
瑞里派出所,05 2501041,23.540136,120.664771
椬梧派出所,05 7907180,23.546103,120.188975
大南派出所,05 2621412,23.553069,120.551683
民雄分局,05 2262014,23.555078,120.430343
民雄派出所,05 2262192,23.555078,120.430343
菁埔派出所,05 2263510,23.556542,120.398638
新港分駐所,05 3742009,23.556626,120.34638
北美派出所,05 7811105,23.559526,120.303232
南港派出所,05 7811618,23.560888,120.31781
龍門派出所,06 9921434,23.560911,119.674948
太平派出所,05 2571202,23.560912,120.602959
東埔派出所,049 2701321,23.561865,120.928059
豐收派出所,05 2262732,23.562586,120.449745
啟明派出所,06 9272541,23.562957,119.563905
隘門派出所,06 9210780,23.562981,119.637928
文澳派出所,06 9214622,23.563688,119.585805
外垵派出所,06 9981702,23.566087,119.482643
北港派出所,05 7832064,23.567973,120.302121
東衛派出所,06 9211318,23.56891,119.599478
土厝派出所,05 7852884,23.569167,120.268408
澎湖縣政府警察局,06 9272557,23.570119,119.56587
馬公分局,06 9273284,23.57058,119.576071
光明派出所,06 9272542,23.57058,119.576071
水林分駐所,05 7853541,23.572538,120.243791
金湖派出所,05 7971081,23.575158,120.147488
富源派出所,03 8811014,23.577674,121.376235
北港分局,05 7832015,23.580095,120.304421
梅山分駐所,05 2621003,23.581514,120.559017
北辰派出所,05 7834082,23.583779,120.299071
草嶺派出所,05 5831009,23.584243,120.69368
湖西分駐所,06 9921022,23.584534,119.657949
口湖分駐所,05 7892014,23.585325,120.180762
埤頭派出所,05 3760853,23.586789,120.365458
柳溝派出所,05 2691182,23.589862,120.423789
華山派出所,05 5901317,23.595502,120.594755
和社派出所,049 2701304,23.595925,120.888647
豐濱分駐所,03 8791148,23.598334,121.52248
好收派出所,05 7922194,23.599721,120.279259
西嶼分駐所,06 9981155,23.600146,119.510058
沙港派出所,06 9210779,23.60222,119.622173
大美派出所,05 2952905,23.602353,120.504866
大林分駐所,05 2652850,23.603022,120.455183
溪口分駐所,05 2691009,23.604354,120.396075
大富派出所,03 8731093,23.60584,121.392343
宏仁派出所,05 7851885,23.606635,120.238269
溝背派出所,05 2952902,23.613936,120.487482
樟湖派出所,05 5811151,23.61694,120.642177
下崙派出所,05 7991084,23.61764,120.164449
久美派出所,049 2831472,23.619038,120.884111
永光派出所,05 5821354,23.624367,120.553961
羅娜派出所,049 2831471,23.628089,120.869585
客厝派出所,05 7882764,23.62912,120.337222
講美派出所,06 9931501,23.632869,119.59824
竹灣派出所,06 9981701,23.635864,119.524656
四湖分駐所,05 7872031,23.637319,120.21987
飛沙派出所,05 7723235,23.637606,120.180898
怡美派出所,05 5912060,23.637712,120.404544
鹿寮派出所,05 7983725,23.639609,120.360319
杉林派出所,049 2611307,23.639918,120.791227
新鄉派出所,049 2831595,23.640277,120.868993
四維派出所,05 5973554,23.641604,120.481845
大埤分駐所,05 5912040,23.646134,120.428697
桶頭派出所,049 2711044,23.647197,120.655244
新社派出所,03 8711329,23.65099,121.535528
三崙派出所,05 7721270,23.652543,120.157295
建國派出所,05 5973724,23.65331,120.507605
元長分駐所,05 7882009,23.654304,120.313003
古坑分駐所,05 5821324,23.654441,120.559712
富田派出所,03 8702623,23.65914,121.449874
鳥嶼派出所,06 9916170,23.66023,119.656803
瑞竹派出所,049 2711710,23.662045,120.665671
光復分駐所,03 8701074,23.665539,121.424881
白沙派出所,06 9931071,23.666759,119.600071
白沙分局,06 9932849,23.667049,119.583007
通梁派出所,06 9931484,23.667049,119.583007
豐丘派出所,049 2791583,23.670616,120.875209
林厝派出所,05 7721265,23.671755,120.178211
溪頭派出所,049 2612173,23.673311,120.795345
東勢分駐所,05 6991032,23.675283,120.255324
溝埧派出所,05 5220334,23.675435,120.53789
土庫分駐所,05 6622514,23.677452,120.391961
新崙派出所,05 5973524,23.678671,120.449737
斗南分局,05 5972005,23.679508,120.472033
斗南派出所,05 5972047,23.679508,120.472033
東和派出所,05 5260642,23.684396,120.567771
新光派出所,05 5972540,23.69088,120.479663
褒忠分駐所,05 6972040,23.694682,120.310552
信義分局,049 2791260,23.697174,120.854327
信義派出所,049 2791261,23.697174,120.854327
雲林縣警察局,05 5338502,23.697251,120.535937
臺西派出所,05 6982244,23.700633,120.199475
臺西分局,05 6982041,23.700692,120.199538
大屯派出所,05 6651474,23.702696,120.387789
長平派出所,05 5327649,23.702823,120.504566
梅林派出所,05 5572493,23.702919,120.598044
公正派出所,05 5323180,23.702965,120.5541
安南派出所,05 6991514,23.704211,120.249782
馬光派出所,05 6652364,23.705854,120.356738
斗六分局,05 5322598,23.70779,120.540377
虎尾分局,05 6331771,23.70907,120.445381
虎尾派出所,05 6322118,23.70907,120.445381
斗六派出所,05 5322130,23.710854,120.545446
長橋派出所,03 8751314,23.711511,121.419449
萬榮分駐所,03 8751549,23.714541,121.409916
龍岩派出所,05 6972544,23.719831,120.310084
埒內派出所,05 6221995,23.72232,120.446388
崙豐派出所,05 6901560,23.722723,120.213237
榴中派出所,05 5573651,23.722744,120.583157
山興派出所,03 8741014,23.726406,121.498673
竹林派出所,049 2676142,23.726864,120.755568
頂林派出所,049 2648927,23.726939,120.667487
過溪派出所,049 2648927,23.726939,120.667487
惠來派出所,05 6222065,23.727803,120.488514
長安派出所,05 5517650,23.734066,120.533819
鳳凰派出所,049 2751102,23.734888,120.783921
吉貝派出所,06 9911165,23.741799,119.613301
鳳林分局,03 8762324,23.74229,121.45091
鳳林派出所,03 8762293,23.74229,121.45091
郡坑分駐所,049 2821481,23.74419,120.859132
吳厝派出所,05 5862484,23.744724,120.422841
鹿谷分駐所,049 2752040,23.746199,120.753971
麥寮分駐所,05 6932030,23.748737,120.255816
竹山分局,049 2642040,23.756989,120.682651
竹山派出所,049 2642012,23.756989,120.682651
林內分駐所,05 5892404,23.758285,120.616496
莿桐分駐所,05 5842025,23.75929,120.50002
崙背分駐所,05 6962016,23.762294,120.355206
中和派出所,049 2648620,23.763422,120.662982
延平派出所,049 2644365,23.766727,120.705881
重興派出所,05 5892514,23.768029,120.577592
二崙分駐所,05 5982595,23.770666,120.413119
埤源派出所,05 5862384,23.774661,120.477082
人倫派出所,049 2770310,23.779506,120.896609
饒平派出所,05 5842034,23.779617,120.519079
秀峰派出所,049 2671930,23.780126,120.77594
南平派出所,03 8771594,23.782987,121.459148
雙龍派出所,049 2741321,23.783461,120.947439
水璉派出所,03 8601011,23.783542,121.564723
豐榮派出所,05 6552159,23.792833,120.312694
青雲派出所,049 2741142,23.794419,120.942639
油車派出所,05 5982334,23.795237,120.390186
永定派出所,05 5982604,23.796809,120.416737
橋頭派出所,05 6911007,23.797083,120.274493
和心派出所,05 5862544,23.798681,120.442043
源泉派出所,04 8792374,23.800534,120.65553
西螺分局,05 5862301,23.800835,120.461708
西螺派出所,05 5862014,23.800835,120.461708
西林派出所,03 8771116,23.809513,121.442041
水里分駐所,049 2770117,23.811162,120.849179
二水分駐所,04 8790015,23.81254,120.618489
社寮派出所,049 2622002,23.815242,120.722842
潭南派出所,049 2741264,23.821611,120.939726
成功派出所,04 8802163,23.826157,120.547043
三條派出所,04 8895432,23.827432,120.49529
集集分局,049 2762702,23.828348,120.786093
集集派出所,049 2760828,23.828348,120.786093
頭社派出所,049 2861013,23.833868,120.896072
車埕派出所,049 2771154,23.834008,120.866424
崁峰派出所,049 2582138,23.835327,120.66122
隘寮派出所,049 781064,23.835974,120.748745
名間分駐所,049 2732149,23.837704,120.7037
永安派出所,04 8972684,23.84657,120.382524
中和派出所,04 8896155,23.846585,120.459093
伊達邵派出所,049 2850119,23.847272,120.932243
田中分局,04 8756910,23.847495,120.574718
豐田派出所,03 8651486,23.848501,121.494276
溪州分駐所,04 8895029,23.852895,120.493476
內安派出所,04 8742008,23.852904,120.601746
大城分駐所,04 8941012,23.855413,120.322668
赤水派出所,049 2271159,23.857244,120.629383
竹塘分駐所,04 8972014,23.859608,120.42771
田中派出所,04 8742051,23.860227,120.584687
西港派出所,04 8941334,23.863102,120.289666
日月潭派出所,049 2855121,23.86673,120.911413
月眉派出所,03 8631001,23.86848,121.555355
壽豐分駐所,03 8651337,23.869985,121.509364
鹽寮派出所,03 8671200,23.870282,121.598176
永和派出所,049 2271002,23.874286,120.654138
北斗分局,04 8882010,23.874776,120.523889
北斗派出所,04 8882604,23.874776,120.523889
新佳派出所,049 2225160,23.878527,120.693621
中寮分駐所,049 2691330,23.879301,120.765704
五城派出所,049 2895114,23.887842,120.888054
東光派出所,049 2880126,23.889923,120.966113
埤頭分駐所,04 8922041,23.891829,120.458105
田尾分駐所,04 8832854,23.892519,120.526233
路上派出所,04 8983844,23.892567,120.336734
原斗派出所,04 8902041,23.896683,120.426313
魚池分駐所,049 2895501,23.897027,120.936999
社頭分駐所,04 8732036,23.898579,120.588061
二林分駐所,04 8961072,23.899568,120.369833
朝興派出所,04 8732174,23.903468,120.610036
過坑派出所,049 2925753,23.905095,120.991848
芳苑分局,04 8960013,23.906674,120.347783
志學派出所,03 8661282,23.906927,121.530294
南投縣政府警察局,049 2222448,23.909765,120.678625
南投分局,049 2222923,23.910154,120.68323
南投派出所,049 2222336,23.910154,120.68323
武界派出所,049 2977001,23.916941,121.045993
萬豐派出所,049 2977001,23.916941,121.045993
海豐派出所,04 8222160,23.917668,120.502691
永靖分駐所,04 8221813,23.920309,120.547362
池南派出所,03 8641280,23.920891,121.506153
半山派出所,049 2251264,23.921593,120.676151
同安派出所,04 8222159,23.924179,120.527731
芳苑派出所,04 8983432,23.925117,120.31571
鳳鳴派出所,049 2291939,23.926062,120.637992
爽文派出所,049 2601049,23.934992,120.760344
光明派出所,049 2332586,23.938855,120.697525
媽厝派出所,04 8852814,23.940053,120.498991
永清派出所,049 2325314,23.941422,120.678714
南華派出所,03 8521672,23.942495,121.544557
桃米派出所,049 2913832,23.942554,120.929713
光華派出所,03 8423135,23.943374,121.596673
林厝派出所,04 8313012,23.943575,120.600893
舊館派出所,04 8292854,23.948404,120.52589
中興分局,049 2332585,23.950401,120.693616
中興派出所,049 2332544,23.950401,120.693616
隆生派出所,049 2904298,23.95151,120.961647
埔心分駐所,04 8291545,23.953012,120.541881
草湖派出所,04 8862438,23.953441,120.382674
萬興派出所,04 8682039,23.954032,120.420787
府西派出所,049 2332557,23.957869,120.685129
上林派出所,049 2329309,23.958127,120.671863
莒光派出所,04 8357857,23.962491,120.561906
員林分局,04 8320114,23.962503,120.579523
員林派出所,04 8320767,23.962503,120.579523
溪湖派出所,04 8852404,23.962614,120.479514
稻香派出所,03 8521340,23.96323,121.569732
東山派出所,04 8313374,23.963577,120.600657
銅門派出所,03 8641051,23.965292,121.49443
王功派出所,04 8932151,23.965901,120.341485
埔里分局,049 2982429,23.966638,120.969569
埔里派出所,049 2998439,23.966638,120.969569
溪湖分局,04 8852026,23.967002,120.48346
吉安分局,03 8531701,23.967913,121.593156
仁里派出所,03 8527894,23.967913,121.593156
親愛派出所,049 2974245,23.968288,121.108318
吉安派出所,03 8525894,23.973459,121.56343
草屯派出所,049 2362066,23.973497,120.681132
愛蘭派出所,049 2912334,23.974532,120.943475
中華派出所,03 8328342,23.975236,121.598487
中正派出所,03 8326822,23.975389,121.605066
復興派出所,049 2334783,23.975877,120.667691
花蓮分局,03 8354008,23.97615,121.612113
軒轅派出所,03 8328344,23.97615,121.612113
鯉潭派出所,049 2987829,23.976265,120.986765
中正派出所,049 2306200,23.978873,120.686481
草屯分局,049 2362002,23.978953,120.694203
中山派出所,03 8328343,23.981313,121.605505
北山派出所,049 2451181,23.981523,120.872901
雙冬派出所,049 2571222,23.983693,120.791456
豐城派出所,049 2552223,23.984557,120.741894
縣庄派出所,049 2525151,23.98773,120.637511
北昌派出所,03 8569376,23.988074,121.592012
村上派出所,04 8525474,23.989201,120.564378
太昌派出所,03 8569425,23.991571,121.575185
新光派出所,049 2321224,23.992493,120.671017
自強派出所,03 8569374,23.993174,121.592377
花蓮縣警察局,03 8224138,23.993198,121.620169
豐川派出所,03 8357871,23.993205,121.604507
安山派出所,04 8590056,23.993369,120.612097
美崙派出所,03 8228341,23.994854,121.631437
大村分駐所,04 8522014,23.994997,120.54472
埔東派出所,04 8653784,23.996849,120.47542
史港派出所,049 2931692,24.000762,120.963368
民意派出所,03 8227827,24.001094,121.620265
水源派出所,03 8572083,24.00306,121.556122
南豐派出所,049 2920085,24.003383,121.065576
漢寶派出所,04 8991219,24.005014,120.384811
埔鹽分駐所,04 8653553,24.007432,120.459922
長壽派出所,049 2721130,24.012503,120.819482
三家派出所,04 7862454,24.014085,120.566496
芬園分駐所,049 2522419,24.015201,120.628312
嘉里派出所,03 8264135,24.016479,121.607088
外中派出所,04 7792048,24.017613,120.472055
廬山派出所,049 2802521,24.022494,121.188054
松岡派出所,049 2802395,24.023193,121.132827
仁愛分局,049 2802204,24.023327,121.132413
霧社派出所,049 2802520,24.023327,121.132413
萬豐派出所,04 23302873,24.026226,120.696599
春陽派出所,049 2802396,24.027825,121.149119
花壇分駐所,04 7862014,24.028298,120.548985
秀水分駐所,04 7692964,24.029392,120.499334
洪堀派出所,04 7704441,24.029984,120.426687
北埔派出所,03 8262484,24.034716,121.603289
合成派出所,049 2931587,24.03669,120.924807
國姓分駐所,049 2721232,24.04018,120.857625
秀安派出所,04 7692304,24.041691,120.509086
福興分駐所,04 7775405,24.046886,120.450179
馬鳴派出所,04 7692082,24.051144,120.505372
和興派出所,04 7772119,24.052847,120.436006
佳民派出所,03 8263274,24.054144,121.599854
溪南派出所,04 23351676,24.056447,120.646201
鹿港派出所,04 7772118,24.057116,120.433332
梅林派出所,049 2461041,24.057951,120.912166
鹿港分局,04 7772001,24.059351,120.438134
平靜派出所,049 2970196,24.060144,121.192226
靜觀派出所,049 2970196,24.060144,121.192226
四德派出所,04 23398281,24.060172,120.666088
中原派出所,049 2941073,24.063187,120.968763
眉原派出所,049 2941073,24.063187,120.968763
清流派出所,049 2941073,24.063187,120.968763
彰化縣警察局,04 7619881,24.065906,120.534337
霧峰派出所,04 23393013,24.066867,120.700396
莿桐派出所,04 7523151,24.067442,120.524485
大埔派出所,04 7113043,24.067691,120.541379
快官派出所,04 7381006,24.068253,120.613335
長流派出所,049 2431040,24.072511,120.876685
民族路派出所,04 7228433,24.073537,120.539877
霧峰分局,04 23302139,24.075296,120.700173
吉峰派出所,04 23334342,24.075296,120.700173
八卦山派出所,04 7284292,24.077527,120.544546
彰化分局,04 7222439,24.080508,120.542861
加灣派出所,03 8260769,24.081965,121.608938
中正派出所,04 7636696,24.082951,120.532369
民生路派出所,04 7228644,24.083445,120.542489
海埔派出所,04 7775565,24.084503,120.444247
成功派出所,04 24969293,24.084832,120.697711
大竹派出所,04 7381107,24.084846,120.580582
頂番派出所,04 7711934,24.086197,120.481352
五光派出所,04 23381960,24.092542,120.647711
仁化派出所,04 24952010,24.09464,120.71541
泰和派出所,04 7237560,24.095732,120.556062
大里分駐所,04 24060634,24.097986,120.676892
大霞派出所,04 7555564,24.101602,120.503915
十九甲派出所,04 22706613,24.102319,120.700151
嘉犁派出所,04 7555574,24.103204,120.516478
中寮派出所,04 7355184,24.105385,120.53318
翠峰派出所,049 2802603,24.105398,121.197124
烏日分局,04 23369595,24.10605,120.622755
烏日派出所,04 23381448,24.10605,120.622755
草港派出所,04 7713404,24.106437,120.457794
國光派出所,04 24180232,24.106962,120.679481
三和派出所,04 23388011,24.108003,120.602885
宏龍派出所,04 22702700,24.109495,120.730155
和美分局,04 7552031,24.111024,120.499625
和美派出所,04 7554005,24.111024,120.499625
勤工派出所,04 22612716,24.112231,120.650749
內新派出所,04 24875584,24.11515,120.689821
瑞岩派出所,049 2955185,24.115781,121.161308
秀林分駐所,03 8611090,24.118494,121.624226
健康派出所,04 22634622,24.119671,120.667067
追分派出所,04 26932108,24.121449,120.570339
頭汴派出所,04 22704962,24.123657,120.750553
新城分局,03 8611204,24.126926,121.653299
新城派出所,03 8611004,24.126926,121.653299
太平派出所,04 22780418,24.129875,120.719393
第三分局,04 22220498,24.130693,120.673459
正義派出所,04 22223319,24.130723,120.673525
線西分駐所,04 7582247,24.131056,120.470535
塗厝派出所,04 7555584,24.134189,120.505849
第四分局,04 23892110,24.134218,120.643438
立德派出所,04 22203248,24.135764,120.689908
春社派出所,04 23824719,24.135873,120.611526
繼中派出所,04 22224119,24.137321,120.683832
第一分局,04 22223725,24.138271,120.675788
西區分駐所,04 22222632,24.138271,120.675788
南屯派出所,04 23824718,24.139519,120.638308
東區分駐所,04 22124179,24.141312,120.69446
大墩派出所,04 24724871,24.141987,120.649707
太平分局,04 23938100,24.142225,120.732368
坪林派出所,04 23937396,24.142225,120.732368
大誠分駐所,04 22221373,24.143991,120.679476
公園派出所,04 22230097,24.144112,120.685634
公益派出所,04 24727640,24.145821,120.656478
文正派出所,04 22011252,24.146994,120.674657
望洋派出所,049 2955210,24.147858,121.189277
富世派出所,03 8611344,24.14806,121.62863
新平派出所,04 23912446,24.149576,120.714108
育才派出所,04 22223695,24.15046,120.684636
合作派出所,04 23602711,24.151821,120.692897
瑞井派出所,04 26910205-6,24.152701,120.572465
大肚分駐所,04 26992167,24.155008,120.544427
黎明派出所,04 22528219,24.155896,120.633999
福中派出所,04 25941364,24.159173,120.864889
伸港分駐所,04 7982044,24.159337,120.485779
第六分局,04 22513284,24.1595,120.639022
市政派出所,04 22513312,24.1595,120.639022
紅香派出所,049 2955187,24.160364,121.176608
崇德派出所,03 8621043,24.162575,121.652053
北屯派出所,04 22332712,24.163872,120.693838
第二分局,04 22351200,24.164981,120.68223
永興派出所,04 22352735,24.164981,120.68223
何安派出所,04 23149343,24.16623,120.659118
工業區派出所,04 23596317,24.16877,120.60787
和平派出所,04 25941324,24.169203,120.869643
立人派出所,04 22973545,24.169853,120.668442
文昌派出所,04 22377714,24.170403,120.680708
和平分局,04 25942560,24.175099,120.884083
水湳派出所,04 22979937,24.178458,120.668166
龍東派出所,04 26397043,24.178659,120.530428
東山派出所,04 22392713,24.179045,120.740304
西屯派出所,04 27012717,24.181061,120.637955
天輪派出所,04 25941193,24.181677,120.926886
第五分局,04 22427113,24.182012,120.686531
松安派出所,04 22461750,24.182351,120.699868
犁份派出所,04 26312719,24.182626,120.584018
翠巒派出所,049 2960040,24.182713,121.203554
天祥派出所,03 8691139,24.183791,121.494401
協和派出所,04 23593736,24.183867,120.6089
合歡派出所,042 5991114,24.186319,121.338888
龍井分駐所,04 26353054,24.19177,120.545677
四平派出所,04 24222714,24.19259,120.682099
頭家派出所,04 25353818,24.192869,120.700189
永福派出所,04 24613009,24.194333,120.610251
華崗派出所,049 2960200,24.197176,121.230012
麗水派出所,04 26395994,24.197871,120.514633
龍津派出所,04 26396084,24.201115,120.522671
臺中市政府警察局,04 23274440,24.201631,120.722674
民權派出所,04 22012710,24.201631,120.722674
谷關派出所,04 25951114,24.202966,121.006565
東興派出所,04 25811476,24.206922,120.821192
潭子分駐所,04 25348866,24.209754,120.704654
潭北派出所,04 25361651,24.21478,120.706692
明秀派出所,04 26314309,24.215978,120.571334
馬岡派出所,04 25662064,24.21616,120.667308
永源派出所,04 25811475,24.219356,120.792203
茅埔派出所,04 25852472,24.219388,120.837779
榮興派出所,04 25991064,24.223195,121.289497
大雅分局,04 25665216,24.224738,120.64715
大雅派出所,04 25680184,24.224778,120.647143
新社分駐所,04 25811401,24.234079,120.809951
沙鹿分駐所,04 26625032,24.234538,120.566401
中坑派出所,04 25874474,24.236295,120.854287
大棟派出所,04 25971106,24.240996,120.907216
合作派出所,04 25293134,24.242962,120.716078
豐原分局,04 25224684,24.243685,120.713565
光華派出所,04 26630624,24.244207,120.567694
清泉派出所,04 26153884,24.246031,120.609917
豐東派出所,04 25286917,24.248616,120.730474
豐原派出所,04 25250092,24.248864,120.714204
安寧派出所,04 26560343,24.249593,120.538411
社口派出所,04 25625392,24.249974,120.686456
梨山分駐所,04 25989580,24.254336,121.246707
梧棲分駐所,04 26562860,24.254863,120.533828
頂街派出所,04 20228150,24.254875,120.723226
神岡分駐所,04 25622422,24.256609,120.658849
德基派出所,04 25980439,24.25753,121.209018
東勢分局,04 23302139,24.258415,120.827933
東勢派出所,04 25873802,24.258415,120.827933
土牛派出所,04 25817493,24.260034,120.816174
翁子派出所,04 25275594,24.260686,120.736639
豐洲派出所,04 25272585,24.261972,120.703525
雪山派出所,04 25883514,24.267432,121.020213
清水分局,04 26222022,24.269257,120.574085
清水派出所,04 26222054,24.269257,120.574085
大楊派出所,04 26202409,24.27319,120.63129
石岡分駐所,04 25722781,24.274788,120.78097
大秀派出所,04 26265404,24.280302,120.553669
石城派出所,04 25874473,24.285093,120.789163
松茂派出所,04 25989692,24.287094,121.264788
雙崎派出所,04 25911214,24.292027,120.909257
三田派出所,04 26222146,24.292992,120.588192
義里派出所,04 25562333,24.30483,120.721737
竹林派出所,04 25911114,24.305138,120.924584
后里分駐所,04 25562037,24.30517,120.71018
和平派出所,03 8681034,24.308682,121.748622
高美派出所,04 26113384,24.311365,120.56253
卓蘭分駐所,04 25892017,24.31271,120.825583
月眉派出所,04 25562384,24.313405,120.692182
環山派出所,04 25802242,24.313727,121.295384
泰安派出所,04 25562340,24.324186,120.751767
澳花派出所,03 9985152,24.329717,121.739466
外埔分駐所,04 26832690,24.332295,120.655429
坪林派出所,04 25921101,24.334405,120.874819
桃山派出所,04 25911314,24.339875,120.935857
志良派出所,04 25901040,24.34053,121.312765
安定派出所,04 26831522,24.345251,120.704189
大甲分局,04 26872039,24.345389,120.6267
大甲派出所,04 26872047,24.345389,120.6267
大安分駐所,04 26713320,24.346268,120.587832
鯉魚派出所,037 881040,24.349751,120.743113
大安派出所,037 962241,24.360022,120.94882
象鼻派出所,037 962243,24.360517,120.94818
勝光派出所,04 25901004,24.368595,121.338722
校林派出所,037 951337,24.373268,120.842513
龍騰派出所,037 872396,24.378483,120.749554
日南派出所,04 26813700,24.37927,120.653483
海墘派出所,04 26875845,24.379525,120.586705
社苓派出所,037 742508,24.389409,120.684903
梅園派出所,037 962131,24.393057,120.978973
中興派出所,037 992350,24.39404,120.920312
南湖派出所,037 991547,24.401457,120.867312
三義分駐所,037 872003,24.412781,120.769846
山腳派出所,037 740217,24.417231,120.686234
西岐派出所,04 26811320,24.420013,120.628829
大興派出所,037 992349,24.421319,120.910822
大湖分局,037 991006,24.422875,120.866272
大湖派出所,037 991041,24.422875,120.866272
金門縣警察局,082 325341,24.428567,118.322436
雞隆派出所,037 971012,24.428931,120.808427
烈嶼分駐所,082 362110,24.433153,118.242686
金城分局,082 328094,24.436514,118.319462
金城派出所,082 325539,24.436514,118.319462
南山派出所,03 9809175,24.436801,121.379438
金湖分局,082 335093,24.441863,118.413693
金湖派出所,082 332559,24.441863,118.413693
苑裡分駐所,037 861024,24.443752,120.653313
中和派出所,037 782254,24.446826,120.721553
泰安分駐所,037 941057,24.448063,120.907896
武塔派出所,03 9981902,24.449398,121.777231
金寧分駐所,082 325520,24.45149,118.335322
汶水派出所,037 991648,24.457691,120.875933
南澳分駐所,03 9981120,24.465879,121.803235
龍山派出所,037 941136,24.46979,120.968452
八卦派出所,037 941137,24.46979,120.968452
福基派出所,037 225984,24.472239,120.830723
碧候派出所,03 9981903,24.475161,121.786551
銅鑼分駐所,037 981014,24.48705,120.78722
四季派出所,03 9809435,24.487553,121.426608
金沙分駐所,082 352260,24.490345,118.411233
通霄分局,037 752464,24.490772,120.682198
通霄派出所,037 752001,24.490772,120.682198
太平山派出所,03 9809802,24.493093,121.536703
太平山檢查哨,03 9809860,24.497444,121.535128
公館分駐所,037 225683,24.503654,120.827111
觀霧派出所,037 273038,24.50639,121.113717
烏眉派出所,037 753164,24.50888,120.722552
埔口派出所,037 792143,24.512655,120.690991
和興派出所,037 931230,24.514587,120.910504
東澳派出所,03 9986080,24.519604,121.831901
高湖派出所,037 911414,24.522607,120.776011
鶴岡派出所,037 226975,24.531959,120.832086
陸家派出所,037 821570,24.538718,121.027441
獅潭分駐所,037 931348,24.541514,120.922076
苗栗分局,037 320059,24.541732,120.821027
蓬萊派出所,037 822040,24.544206,120.971753
南苗派出所,037 320367,24.550855,120.814355
西湖分駐所,037 921031,24.558615,120.757833
苗栗縣警察局,037 321303,24.563918,120.820115
白沙派出所,037 792134,24.564407,120.710687
雲山派出所,03 5856689,24.565062,121.089544
文山派出所,037 337127,24.565954,120.81054
北苗派出所,037 260344,24.57171,120.829679
南勢派出所,037 921445,24.574477,120.73541
百壽派出所,037 931231,24.579481,120.941004
頭屋分駐所,037 253103,24.581039,120.866145
南方澳派出所,03 9963580,24.582355,121.866119
明德派出所,037 252538,24.584648,120.88453
蘇澳分局,03 9951356,24.595875,121.844818
蘇澳派出所,03 9962126,24.595875,121.844818
桃山派出所,03 5856043,24.596464,121.108905
南庄分駐所,037 822004,24.597725,120.998945
東河派出所,037 822094,24.599122,121.042261
寒溪派出所,03 9517465,24.610482,121.688552
新港派出所,037 722474,24.611293,120.813329
泰崗派出所,03 5847322,24.611671,121.296281
港邊派出所,03 9905608,24.611838,121.852487
聯港派出所,037 450734,24.612387,120.760176
英士派出所,03 9801325,24.613396,121.52624
後龍分駐所,037 722520,24.613634,120.786333
新城派出所,03 9969827,24.614777,121.813354
茅圃派出所,03 5851149,24.615848,121.103073
秀巒派出所,03 5847523,24.617945,121.285453
大河派出所,037 831081,24.618026,120.948814
馬賽派出所,03 9902604,24.618074,121.834965
羅山派出所,03 5851214,24.624747,121.147753
田美派出所,037 822134,24.629089,121.01157
五峰分駐所,03 5851029,24.631761,121.119821
冬山分駐所,03 9591651,24.633981,121.793228
南埔派出所,037 822752,24.635428,120.978858
清水檢查哨,03 9894520,24.640487,121.617005
牛鬥派出所,03 9891731,24.64079,121.569567
造橋分駐所,037 563224,24.641976,120.866793
花園派出所,03 5851147,24.646037,121.151098
大山派出所,037 431764,24.648528,120.810975
外埔派出所,037 431361,24.648671,120.775334
明池派出所,03 9801727,24.650098,121.473405
談文派出所,037 622664,24.653768,120.852006
順安派出所,03 9581804,24.654522,121.764202
三灣分駐所,037 831071,24.655005,120.956923
光華派出所,03 3912253,24.655407,121.399218
玉峰派出所,03 5847202,24.660045,121.300669
福山派出所,03 9893224,24.661906,121.6218
上坪派出所,03 5961744,24.664076,121.120485
尖山派出所,037 622763,24.66456,120.881392
利澤派出所,03 9503512,24.666204,121.823464
三星分局,03 9891564,24.666478,121.652108
三星派出所,03 9892561,24.666478,121.652108
大隱派出所,03 9898910,24.667506,121.700804
宇老派出所,03 5847238,24.667658,121.281902
成功派出所,03 9542471,24.669616,121.770784
廣興派出所,03 9512210,24.669701,121.749278
開羅派出所,03 9542121,24.67178,121.777356
三光派出所,03 3912258,24.672374,121.367311
大同分駐所,03 9801176,24.677676,121.608937
梅花派出所,03 5841681,24.678097,121.208362
羅東分局,03 9542071,24.6785,121.769424
公正派出所,03 9542029,24.6785,121.769424
那羅派出所,03 5841682,24.679272,121.243623
斗坪派出所,037 665770,24.680765,120.946259
竹南分局,037 478032,24.685148,120.878538
竹南派出所,037 474796,24.685148,120.878538
巴陵派出所,03 3912180,24.685985,121.398612
富興派出所,03 5806584,24.686885,120.987902
五結分駐所,03 9504381,24.687577,121.797888
峨眉分駐所,03 5800344,24.688201,121.021721
大洲派出所,03 9573517,24.693019,121.728824
頭份分局,037 663306,24.693963,120.905946
頭份派出所,037 663004,24.693963,120.905946
北埔分駐所,03 5802214,24.698969,121.057079
二結派出所,03 9653901,24.702599,121.767985
尖石分駐所,03 5841144,24.705401,121.201249
內灣派出所,03 5849164,24.705975,121.175659
大同派出所,037 581712,24.709468,120.896914
內城派出所,03 9221996,24.715006,121.69537
橫山分局,03 5931004,24.716373,121.141571
橫山派出所,03 5931002,24.716382,121.14157
橫村派出所,03 5934387,24.718464,121.117985
下公館派出所,03 5948392,24.723408,121.098534
惠好派出所,03 9221994,24.729218,121.729215
進士派出所,03 9252219,24.730955,121.761629
新樂派出所,03 5841676,24.732487,121.251344
新城派出所,03 5762353,24.732829,120.966275
楓橋派出所,03 5761140,24.733645,121.027961
秀湖派出所,03 5932812,24.734096,121.117007
沙坑派出所,03 5811054,24.736723,121.162812
竹東分局,03 5962081,24.737365,121.086743
竹東派出所,03 5962057,24.737365,121.086743
榮華派出所,03 3821016,24.739211,121.347571
大湖派出所,03 9221995,24.743307,121.697364
員山分駐所,03 9222015,24.745179,121.726727
壯圍分駐所,03 9382162,24.746341,121.786335
宜蘭縣政府警察局,03 9322271,24.749141,121.753804
延平派出所,03 9381784,24.750497,121.772901
新民派出所,03 9323105,24.755357,121.755354
宜蘭分局,03 9359039,24.755359,121.755348
民族派出所,03 9322223,24.756008,121.748207
枕山派出所,03 9221993,24.758978,121.718639
忠孝派出所,03 9301984,24.764502,121.802996
寶山分駐所,03 5204139,24.765428,120.990855
二重埔派出所,03 5823504,24.766166,121.056894
朝山派出所,03 5373165,24.766246,120.914693
新生派出所,03 9284087,24.769605,121.756844
錦山派出所,03 5478174,24.772023,121.231793
玉山派出所,03 5478174,24.772023,121.231793
青草湖派出所,03 5201563,24.774052,120.966401
芎林分駐所,03 5924572,24.774903,121.081009
美城派出所,03 9303691,24.777449,121.787288
福山派出所,02  26616260,24.778518,121.50218
關東橋派出所,03 5775758,24.778914,121.018895
龍潭派出所,03 9285514,24.779955,121.740502
四城派出所,03-9284072,24.787827,121.76138
埔頂派出所,03 5773999,24.789032,121.007868
東安派出所,03 5872301,24.790129,121.182294
南華派出所,03 5872301,24.790129,121.182294
中華派出所,03 5302487,24.79168,120.926194
關西分駐所,03 5872007,24.792243,121.172635
奎輝派出所,03 3822960,24.795972,121.335106
第三分局,03 5380040,24.797625,120.942624
香山派出所,03 5386348,24.797625,120.942624
羅浮派出所,03 3822606,24.799369,121.365654
長興派出所,03 3822961,24.799637,121.307097
大福派出所,03 9301994,24.800142,121.816941
南門派出所,03 5222224,24.800156,120.967811
第二分局,03 5728750,24.801206,120.986496
東勢派出所,03 5728758,24.801493,120.986587
西門派出所,03 5222452,24.801975,120.961211
溪內派出所,03 3822958,24.803389,121.367974
東門派出所,03 5222607,24.804122,120.96982
高鐵派出所,03 6578272,24.805024,121.03825
新竹市警察局,03 5249234,24.806374,120.968546
北門派出所,03 5222223,24.808026,120.965059
三城派出所,03 9881961,24.810099,121.76687
第一分局,03 5222725,24.810305,120.955494
樹林頭派出所,03 5267652,24.810305,120.955494
石光派出所,03 5868060,24.813971,121.128436
坪林派出所,03 5868060,24.813971,121.128436
復興分駐所,03 3822604,24.814181,121.350988
文華派出所,03 5332120,24.814684,120.977117
寶石派出所,03 5882064,24.816419,121.077692
霞雲派出所,03 3822607,24.816609,121.383876
湳雅派出所,03 5356710,24.819611,120.973005
六家派出所,03 6580308,24.822371,121.03
百吉派出所,03 3885884,24.825121,121.309299
新竹縣政府警察局,03 5513523,24.826934,121.011263
礁溪分局,03 9882053,24.827202,121.773945
礁溪派出所,03 9882214,24.827202,121.773945
新埔分局,03 5882004,24.827642,121.074292
新埔派出所,03 5882034,24.828042,121.071278
竹北分局,03 5552029,24.829098,121.003416
三民派出所,03 3825605,24.832281,121.331039
三民派出所,03 5556270,24.833505,121.011119
高平派出所,03 4717204,24.835815,121.206981
信賢派出所,02  26616400,24.838242,121.526162
竹北派出所,03 5552031,24.838395,121.004991
二城派出所,03 9882654,24.83884,121.793019
南寮派出所,03 5362334,24.840402,120.937454
豐田派出所,03 5564768,24.842704,120.964138
石門派出所,03 4712021,24.842711,121.241269
褒忠派出所,03 5882094,24.843161,121.035926
照門派出所,03 5899194,24.846726,121.11565
三層派出所,03 3882349,24.849231,121.286554
福安派出所,03 3888767,24.849262,121.286523
三和派出所,03 4794384,24.850447,121.175082
孝義派出所,02  26616139,24.850908,121.5854
大溪分局,03 3887643,24.85784,121.295067
五寮派出所,02  26720283,24.858133,121.359326
內柵派出所,03 3883849,24.859351,121.281231
鳳岡派出所,03 5561769,24.861062,120.963482
頭城分駐所,03 9771125,24.862596,121.826703
福成派出所,03 9771896,24.863677,121.807027
烏來分駐所,02  26616410,24.864773,121.552009
山崎派出所,03 5592736,24.86814,120.99334
龍潭分局,03 4890831,24.868667,121.207523
聖亭派出所,03 4891110,24.868667,121.207523
龍潭派出所,03 4792002,24.870229,121.220251
插角派出所,02  26720121,24.870909,121.406498
新工派出所,03 5981561,24.871625,121.016989
中興派出所,03 4797497,24.872618,121.234345
湖鏡派出所,03 5690646,24.878008,121.058793
南雅派出所,03 3883720,24.879617,121.288686
三元派出所,03 3801040,24.880634,121.265305
忠治派出所,02  26616533,24.884125,121.550434
永福派出所,03 3885802,24.894203,121.324099
新湖分局,03 5902615,24.896272,121.048014
湖口分駐所,03 5997037,24.896272,121.048014
新豐分駐所,03 5594052,24.900817,120.987062
石(石曹)派出所,02  26656343,24.902368,121.719709
龜山派出所,02  26667560,24.902618,121.551766
圳頂派出所,03 3801287,24.904985,121.283753
吉埔派出所,02  26711278,24.906493,121.362294
圳頭派出所,02  26741167,24.906493,121.362294
楊梅分局,03 4755749,24.90681,121.146089
楊梅派出所,03 4782007,24.90681,121.146089
建安派出所,03 4502331,24.909181,121.231126
金溪派出所,02  26656487,24.911249,121.679115
上湖派出所,03 4721721,24.912627,121.094882
平鎮分局,03 4390218,24.913083,121.207522
平鎮派出所,03 4391280,24.913083,121.207522
草湳派出所,03 4826278,24.918609,121.183608
屈尺派出所,02  26667439,24.922709,121.546178
龍岡派出所,03 4503245,24.923915,121.247301
幼獅派出所,03 4643521,24.926612,121.174632
八德派出所,03 3682802,24.929664,121.284814
成福派出所,02  26726097,24.929799,121.420609
中新派出所,03 3801853,24.930391,121.318534
三峽分局,02  26711796,24.930548,121.375235
後湖派出所,03 5680164,24.932118,121.00885
三峽派出所,02  26711254,24.933737,121.369657
富岡派出所,03 4721794,24.935541,121.081828
坪林分駐所,02  26656281,24.935697,121.711482
橫溪派出所,02  86761762,24.937407,121.39547
八德分局,03 3731907,24.938235,121.309067
龍興派出所,03 4285776,24.938492,121.234541
直潭派出所,02  26667324,24.938514,121.534542
大溪派出所,03 9781205,24.939835,121.892125
北勢派出所,03 4282206,24.941926,121.220818
二橋派出所,02  26781225,24.942353,121.338571
宋屋派出所,03 4938381,24.942681,121.206198
北大派出所,02 26730561,24.944194,121.377784
普仁派出所,03 4562912,24.949288,121.243164
埔頂派出所,03 4772044,24.949554,121.118706
廣興派出所,03 3775127,24.95018,121.283772
碧山派出所,02  26651835,24.951644,121.631814
雙城派出所,02  22158566,24.951706,121.487811
中壢分局,03 4221460,24.95409,121.222381
中壢派出所,03 4222030,24.95409,121.222381
柑園派出所,02  26801075,24.954243,121.387877
青潭派出所,02  22171146,24.954576,121.559979
仁愛派出所,03 4563524,24.954868,121.25594
四維派出所,03 3662771,24.955915,121.302802
頂城派出所,02  22118023,24.957006,121.53435
鶯歌分駐所,02  26792024,24.957252,121.353509
頂埔派出所,02 22681220,24.959319,121.418274
大坡派出所,03 4768410,24.959747,121.038001
興國派出所,03 4258325,24.960593,121.208702
漁光派出所,02  26656910,24.963383,121.738911
安康派出所,02  22117337,24.963679,121.514532
大里派出所,03 9781139,24.964252,121.921374
高明派出所,03 3771790,24.96479,121.278718
闊瀨派出所,02  26657041,24.965622,121.771199
鳳鳴派出所,02  26789110,24.96628,121.33244
碧潭派出所,02  29111665,24.967645,121.541669
自強派出所,03 2854333,24.968785,121.259148
大安派出所,03 3644106,24.970389,121.324827
太平派出所,02  24933317,24.971551,121.825826
中福派出所,03 4523093,24.971806,121.233433
內壢派出所,03 4553845,24.972208,121.255749
新屋分駐所,03 4772014,24.972651,121.106543
山佳派出所,02  26806114,24.972672,121.394865
湖山派出所,02  26792474,24.973045,121.346209
土城分局,02  22665929,24.973281,121.442926
土城派出所,02  22656058,24.973281,121.442926
豐田派出所,02  26631975,24.974043,121.687322
新店分局,02  29111170,24.977576,121.549659
大樹派出所,03 3622987,24.977993,121.320215
江陵派出所,02  29112165,24.978666,121.541896
文化派出所,03 4528348,24.978988,121.245265
彭厝派出所,02 86868077,24.979671,121.421662
安和派出所,02  29467780,24.97986,121.51747
清水派出所,02  22615090,24.981296,121.458892
木新派出所,02 29372488,24.982475,121.567291
金城派出所,02 22633152,24.984094,121.463521
南勢派出所,02 29419445,24.986523,121.507936
復興派出所,02 22367140,24.986763,121.547021
指南派出所,02 29382712,24.987321,121.577936
永安派出所,03 4861092,24.987567,121.04485
廣福派出所,02 22701588,24.987697,121.45598
沙崙派出所,02 26812741,24.988407,121.430322
文山一分局,02 29395734,24.988731,121.563697
木柵派出所,02 29397141,24.988731,121.563697
大林派出所,03 3500070,24.988977,121.332334
武陵派出所,03 3364224,24.990036,121.312224
大崙派出所,03 4982260,24.990245,121.180998
秀山派出所,02 29402114,24.990472,121.525984
景安派出所,02 22436955,24.990482,121.502678
龍安派出所,03 3601975,24.990632,121.281049
石碇分駐所,02 26631240,24.991349,121.65761
信義派出所,02  29592317,24.991411,121.461169
龜山分局,03 3292701,24.991464,121.337968
樹林派出所,02  26812034,24.991944,121.425524
景福派出所,03 3578385,24.992644,121.309097
文山二分局,02 29313843,24.992685,121.541039
景美派出所,02 29313459,24.992685,121.541039
烏坵駐在所,082 666112,24.99309,119.458793
中路派出所,03 3578385,24.993245,121.299721
桃園市政府警察局,03 3334400,24.993357,121.302037
錦和派出所,02 22482551,24.993664,121.495572
龜山派出所,03 3202554,24.995314,121.338881
樹林分局,02  26812101,24.996917,121.418834
得和派出所,02  29451969,24.997072,121.520068
中和分局,02 22498950,24.997929,121.501018
青溪派出所,03 3332742,24.998104,121.314322
員山派出所,02 22237295,24.998259,121.480916
中和派出所,02 22492624,24.999686,121.50231
國光派出所,02 29569805,24.999892,121.472611
安平派出所,02 29264139,24.999975,121.511187
新樹派出所,02 22075386,25.00019,121.431413
桃園分局,03 3323811,25.000228,121.298954
埔子派出所,03 3353692,25.000228,121.298954
大觀派出所,02 22752477,25.001248,121.445948
興隆派出所,02 29313842,25.001516,121.551171
深坑分駐所,02  26621658,25.001596,121.615434
吉林派出所,02  24941534,25.002231,121.886153
萬芳派出所,02 22391753,25.002267,121.566815
秀朗派出所,02  29251130,25.003798,121.521061
萬盛派出所,02 29312502,25.0039,121.538926
後埔派出所,02 29615964,25.004733,121.460866
積穗派出所,02 22268955,25.004815,121.480088
東勢格派出所,02  24951379,25.005113,121.749682
永和派出所,02  29214229,25.006231,121.514525
柑腳派出所,02  24931744,25.006516,121.794541
中原派出所,02 22213029,25.007621,121.488302
中民派出所,02  26631254,25.008198,121.672879
永和分局,02  29213119,25.009558,121.520388
中正橋派出所,02  29215119,25.009558,121.520388
楓子林派出所,02  26631285,25.009812,121.642488
新北市政府警察局,02 80725454,25.009864,121.458456
板橋派出所,02 29699664,25.011005,121.456857
羅斯福路派出所,02 27355761,25.011144,121.538029
海山分局,02  29640322,25.011505,121.470005
海山派出所,02  29574370,25.011505,121.470005
板橋分局,02 80725454,25.012427,121.460092
新生派出所,02  29217119,25.01259,121.510259
新坡派出所,03 4981001,25.012628,121.136236
卯澳派出所,02  24991540,25.012919,121.987883
青埔派出所,03 4531468,25.013655,121.210785
思源街派出所,02 23650844,25.015178,121.531905
三多派出所,02  26894108,25.016316,121.404654
福隆派出所,02  24991541,25.016501,121.944754
光華派出所,02  22050330,25.017043,121.426437
臥龍街派出所,02 27334439,25.017953,121.551934
埔墘派出所,02  29616814,25.018712,121.479588
迴龍派出所,02 82006815,25.01909,121.405421
青年路派出所,02 23054219,25.021923,121.502137
貢寮分駐所,02  24941304,25.021932,121.910004
東園街派出所,02 23033247,25.022414,121.498197
新海派出所,02  22586867,25.024044,121.459954
大竹派出所,03 3232704,25.024205,121.259477
泉州街派出所,02 23039915,25.024284,121.51218
廈門街派出所,02 23684427,25.026088,121.517823
平溪分駐所,02  24951063,25.026209,121.738425
吳興街派出所,02 27398997,25.026609,121.563889
和平東路派出所,02 23218073,25.026614,121.530495
文聖派出所,02 22583956,25.026863,121.477388
六張犁派出所,02 27355068,25.027408,121.556239
丹鳳派出所,02  29083119,25.02762,121.414853
同安派出所,03 3568289,25.028042,121.3005
西園路派出所,02 23032943,25.028162,121.495607
平林派出所,02  24931794,25.030241,121.833123
江翠派出所,02  22521225,25.030303,121.46986
莒光派出所,02 23064987,25.031081,121.502684
瑞安街派出所,02 27054164,25.031161,121.54499
中正二分局,02 23751825,25.032087,121.513978
南海路派出所,02 23752835,25.032087,121.513978
福營派出所,02  29017434,25.032261,121.434175
南昌路派出所,02 23218148,25.03232,121.516529
安和路派出所,02 27025232,25.032955,121.552088
信義分局,02 27234739,25.033153,121.567689
三張犁派出所,02 27295561,25.033153,121.567689
華江派出所,02 23061531,25.034287,121.493173
大理街派出所,02 23063468,25.034451,121.498265
康定路派出所,02 23064226,25.035082,121.500333
雙溪分駐所,02  24931059,25.035851,121.865273
新莊分局,02  29924034,25.036143,121.451517
觀音分駐所,03 4732025,25.036462,121.082202
新生南路派出所,02 23258611,25.037737,121.534048
大安分局,02 23259850,25.037831,121.533143
舊莊派出所,02 27822492,25.038474,121.622516
福德街派出所,02 27273424,25.038559,121.576148
龍山派出所,02 23314823,25.038601,121.499611
敦化南路派出所,02 27710400,25.038958,121.543927
仁愛路派出所,02 23212067,25.038981,121.522579
介壽路派出所,02 23113081,25.039984,121.515483
新莊派出所,02  29924018,25.040548,121.464298
南竹派出所,03 3121090,25.041373,121.284793
博愛路派出所,02 23142724,25.041714,121.511561
忠孝東路派出所,02 23218656,25.043651,121.527146
明志派出所,02  29069881,25.043804,121.424793
臺北市政府警察局,02 23313561,25.043871,121.509813
萬華分局,02 23140364,25.045107,121.50287
西門町派出所,02 23312212,25.045126,121.502888
中正一分局,02 23716426,25.045171,121.517355
忠孝西路派出所,02 23142722,25.045171,121.517355
大坑派出所,03 3251310,25.045281,121.314653
十分派出所,02  24958128,25.045632,121.778833
五分埔派出所,02 27653349,25.045664,121.575846
同德派出所,02 27867201,25.046059,121.585609
中港派出所,02  29922112,25.046364,121.451962
蘆竹分局,03 2220307,25.047236,121.293161
草漯派出所,03 4830301,25.047257,121.143011
二重派出所,02  29956794,25.047532,121.475921
橫科派出所,02  26401237,25.047659,121.619226
頭前派出所,02  29921043,25.048249,121.465797
中崙派出所,02 27711239,25.048395,121.545992
長安東路派出所,02 27735207,25.048467,121.54055
松山派出所,02 27670446,25.049836,121.577153
中山一派出所,02 25519321,25.049989,121.521442
中興橋派出所,02  29789513,25.05049,121.490168
中平派出所,02  89919755,25.051312,121.445211
松山分局,02 27782081,25.051549,121.547734
大華派出所,03 3975557,25.051865,121.365456
延平派出所,02 25564340,25.052205,121.511721
中山分局,02 25412491,25.05259,121.522813
建成派出所,02 25585463,25.05275,121.517335
大埔派出所,03 3291735,25.05333,121.381717
南崁派出所,03 3223981,25.053488,121.289955
埔心派出所,03 3811684,25.054319,121.224298
長春路派出所,02 25062289,25.054639,121.536029
南港派出所,02 27830476,25.05493,121.607153
南港分局,02 27839110,25.05526,121.594705
玉成派出所,02 27886958,25.05526,121.594705
潭美派出所,02 27917233,25.055288,121.581579
坪頂派出所,03 3282570,25.055493,121.356906
澳底派出所,02  24901074,25.056397,121.924629
東社派出所,02 27135253,25.056722,121.551394
大同派出所,02  29723261,25.056761,121.496587
昌平派出所,02 85227625,25.057114,121.454906
中山二派出所,02 25517771,25.05764,121.522602
三重分局,02  89818900,25.059149,121.490038
民生西路派出所,02 25538587,25.059229,121.512057
三民派出所,02 27621708,25.059332,121.562894
大同分局,02 25577262,25.059341,121.515027
寧夏路派出所,02 25575011,25.059341,121.515027
民權一派出所,02 25314672,25.059912,121.527951
牡丹派出所,02  24931340,25.060128,121.849924
東山派出所,02  26415841,25.060698,121.698913
光明派出所,02  29860655,25.06085,121.487299
泰山分駐所,02  29097947,25.061674,121.433142
民有派出所,02 27123638,25.061747,121.548059
五工派出所,02  22993050,25.063301,121.457679
大園分局,03 3862009,25.063448,121.195865
大園派出所,03 3862804,25.063448,121.195865
社后派出所,02  26942819,25.063742,121.633432
三重派出所,02  29722553,25.063972,121.50232
文德派出所,02 27944946,25.066597,121.578918
東湖派出所,02 26313350,25.06743,121.612981
建國路派出所,02 25099774,25.067999,121.535997
汐止分局,02  26412610,25.068165,121.660235
汐止派出所,02  26412827,25.068214,121.660278
民族路派出所,02 25926204,25.068789,121.513509
內湖分局,02 27900505,25.069257,121.589581
林口分局,02  26068455,25.070114,121.36357
忠孝派出所,02 26087165,25.070114,121.36357
大有派出所,02  89851911,25.070268,121.475591
康樂派出所,02 26342237,25.070356,121.61837
長泰派出所,02  29735094,25.070775,121.497099
德音派出所,02  82923789,25.071275,121.430461
文化派出所,02  26095766,25.07203,121.376391
圓山派出所,02 25969433,25.072715,121.523734
三菓派出所,03 3936118,25.073179,121.257231
厚德派出所,02  29712064,25.073432,121.492105
重慶北路派出所,02 25944741,25.075454,121.513532
永福派出所,02  22802065,25.076598,121.481305
林口派出所,02  26011630,25.077325,121.393785
長安派出所,02  86482618,25.07754,121.668131
更寮派出所,02  29711126,25.077924,121.458423
港墘派出所,02 87518690,25.078793,121.576678
西湖派出所,02 27987505,25.079119,121.569315
大直派出所,02 25332984,25.079529,121.544093
潮音派出所,03 3862314,25.081155,121.171297
康寧派出所,02 87920061,25.081168,121.597515
延平派出所,02  82821991,25.081745,121.461484
蘆洲派出所,02  22813358,25.081959,121.472735
內湖派出所,02 27931031,25.082079,121.590131
慈福派出所,02  29815111,25.082251,121.487194
和美派出所,02  24901504,25.082961,121.913613
外社派出所,03 3241749,25.083491,121.304183
五股分駐所,02  22916948,25.083508,121.436811
大湖派出所,02 27909521,25.084099,121.601355
集賢派出所,02  82832110,25.084966,121.481697
蘆洲分局,02  22810555,25.085415,121.460907
三民派出所,02  22823775,25.085415,121.460907
百福派出所,02 24512156,25.085511,121.698092
後港派出所,02 28829373,25.087399,121.518034
重陽派出所,02  82879727,25.088289,121.486918
烘內派出所,02  26462564,25.088444,121.646762
社子派出所,02 28122720,25.089656,121.505538
士林分局,02 28813856,25.090731,121.526026
文林派出所,02 28812211,25.090731,121.526026
復興派出所,02 24515602,25.090769,121.668184
猴硐派出所,02  24972527,25.092842,121.832914
第三分局,02 24558843,25.098356,121.715307
七堵派出所,02 24566947,25.098356,121.715307
碇內派出所,02 24576080,25.099735,121.75512
暖暖派出所,02 24572331,25.101084,121.737752
芝山岩派出所,02 28813194,25.101111,121.537858
成州派出所,02  22921296,25.101473,121.45161
竹圍派出所,03 3835089,25.103973,121.243761
四腳亭派出所,02  24576947,25.104219,121.761962
蘭雅派出所,02 28315001,25.106641,121.524724
大寮派出所,02  24972608,25.106876,121.787441
瑞芳分局,02  24062602,25.107605,121.807727
瑞芳派出所,02  24972141,25.107605,121.807727
翠山派出所,02 28411423,25.10811,121.560255
金瓜石派出所,02  24961528,25.108319,121.857757
八堵分駐所,02 24562438,25.108998,121.732033
九份派出所,02  24972609,25.10962,121.843235
石牌派出所,02 28231513,25.109891,121.512502
瑪陵派出所,02 24565085,25.11108,121.686915
長青派出所,02  26451281,25.111155,121.605625
下福派出所,02  26062835,25.117369,121.2909
永明派出所,02 28213110,25.117852,121.516564
永福派出所,02 28616353,25.118376,121.552277
溪山派出所,02 28411110,25.119796,121.584492
瑞濱派出所,02  24972009,25.120999,121.819604
水湳洞派出所,02  24961529,25.12162,121.861926
瑞平派出所,02  26052724,25.122653,121.335844
南榮路派出所,02 24242437,25.122712,121.743152
關渡派出所,02 28583864,25.122971,121.465948
第四分局,02 24225477,25.123191,121.721926
安樂派出所,02 24316212,25.123191,121.721926
鼻頭派出所,02  24911579,25.123747,121.916099
天母派出所,02 28714110,25.125089,121.532944
深澳坑派出所,02 24654170,25.127248,121.785213
東光派出所,02 24656443,25.127505,121.762717
奇岩派出所,02 28954410,25.127642,121.508041
第一分局,02 24222741,25.127705,121.740582
延平街派出所,02 24246950,25.127755,121.748709
第二分局,02 24222742,25.129603,121.75019
信義派出所,02 24211595,25.129603,121.75019
基隆市警察局,02 24248141,25.129623,121.749699
忠二路派出所,02 24241363,25.129673,121.740978
中山派出所,02 24242440,25.131806,121.735261
龍源派出所,02  26182245,25.132293,121.451279
安定派出所,02 24246946,25.132595,121.727451
北投分局,02 28914521,25.13337,121.50132
長安派出所,02 28912029,25.13337,121.50132
信六路派出所,02 24246948,25.135228,121.747335
山仔后派出所,02 28611295,25.137264,121.54633
光明派出所,02 28911647,25.137329,121.504205
竹圍派出所,02  28092831,25.137438,121.459802
八斗子分駐所,02 24692077,25.140342,121.793205
大武崙派出所,02 24310118,25.141625,121.704748
安瀾橋派出所,02 24622435,25.142435,121.760908
大屯派出所,02 28913971,25.145603,121.493244
八里分駐所,02  26101315,25.145974,121.397527
中華路分駐所,02 24246944,25.14687,121.738824
公園派出所,02 28610145,25.148796,121.548593
正濱派出所,02 24621889,25.151393,121.770948
和一路派出所,02 24622752,25.155019,121.765
崁腳派出所,02  24922740,25.160397,121.650779
中山路派出所,02  26212753,25.165218,121.449809
竹子湖派出所,02 28616082,25.167586,121.540211
淡水分局,02 26224330,25.172608,121.43664
中正路派出所,02  26212752,25.172819,121.436592
萬里分駐所,02  24922122,25.178019,121.689572
水碓派出所,02  26212491,25.178278,121.444387
水源派出所,02  26200534,25.185836,121.478061
野柳派出所,02  24922510,25.20381,121.685015
興華派出所,02  26371851,25.204689,121.502124
大鵬派出所,02  24982475,25.212442,121.646699
重光派出所,02  24080470,25.215951,121.603732
興仁派出所,02  26236399,25.217746,121.451841
金山分局,02  24986532,25.220338,121.640696
金山派出所,02  24982009,25.220338,121.640696
賢孝派出所,02  28011505,25.233534,121.454693
後厝派出所,02  26362052,25.250972,121.469291
三芝分駐所,02  26362049,25.257519,121.501124
中角派出所,02  24982136,25.263551,121.630742
乾華派出所,02  26381274,25.279795,121.608433
老梅派出所,02  26381253,25.288991,121.54558
石門分駐所,02  26381244,25.29081,121.567419
東莒派出所,083 689046,25.959635,119.971255
莒光警察所,083 688153,25.975456,119.940093
福建省連江縣警察局,083 625859,26.157386,119.951079
南竿警察所,083 622471,26.157386,119.951079
西區派出所,083 625368,26.159329,119.919473
北竿警察所,083 655234,26.225321,119.997035
東引警察所,083 677204,26.367687,120.489698
